Study Area,Region,Area HA,Transect,Length km,Perp Dist,Cluster_Si,Observer,Detected,Observer2,Animal,Latitude,Longitude,Day,Month,Year
AL,Mimal,1717560,M02,55,3,1,Back Left,,Andrew Hoskins,Donkey,-13.9603,134.6455,23,7,2022
AL,Mimal,1717560,M02,55,3,1,Front Left,,Holly L,Donkey,-13.96027,134.6461,23,7,2022
AL,Mimal,1717560,M02,55,6,1,Front Left,,Holly L,Donkey,-13.95985,134.538,23,7,2022
AL,Mimal,1717560,M02,55,3,4,Front Left,,Holly L,Donkey,-13.95984,134.5323,23,7,2022
AL,Mimal,1717560,M02,55,6,5,Front Left,,Holly L,Horse,-13.95979,134.5285,23,7,2022
AL,Mimal,1717560,M02,55,3,1,Back Left,,Andrew Hoskins,Donkey,-13.95972,134.5473,23,7,2022
AL,Mimal,1717560,M02,55,6,6,Back Left,,Andrew Hoskins,Horse,-13.95967,134.5262,23,7,2022
AL,Mimal,1717560,M02,55,5,7,Front Left,,Holly L,Donkey,-13.95954,134.5193,23,7,2022
AL,Mimal,1717560,M02,55,5,15,Back Left,,Andrew Hoskins,Donkey,-13.95952,134.5176,23,7,2022
AL,Mimal,1717560,M02,55,5,3,Back Left,,Andrew Hoskins,Horse,-13.9592,134.4114,23,7,2022
AL,Mimal,1717560,M02,55,5,2,Front Left,,Holly L,Donkey,-13.95886,134.4002,23,7,2022
AL,Mimal,1717560,M02,55,6,6,Front Left,,Holly L,Horse,-13.95836,134.3185,23,7,2022
AL,Mimal,1717560,M02,55,5,1,Back Left,,Andrew Hoskins,Buffalo,-13.95835,134.3379,23,7,2022
AL,Mimal,1717560,M02,55,6,15,Back Left,,Andrew Hoskins,Cattle,-13.95831,134.2699,23,7,2022
AL,Mimal,1717560,M02,55,5,25,Front Left,,Holly L,Cattle,-13.95823,134.2718,23,7,2022
AL,Mimal,1717560,M04,77,1,4,Back Left,,Andrew Hoskins,Cattle,-13.86073,134.2635,23,7,2022
AL,Mimal,1717560,M04,77,1,5,Front Left,,Holly L,Buffalo,-13.86045,134.2617,23,7,2022
AL,Mimal,1717560,M04,77,1,8,Front Left,,Holly L,Horse,-13.86031,134.3105,23,7,2022
AL,Mimal,1717560,M04,77,2,8,Back Left,,Andrew Hoskins,Horse,-13.86028,134.3113,23,7,2022
AL,Mimal,1717560,M04,77,3,2,Back Left,,Andrew Hoskins,Horse,-13.86021,134.317,23,7,2022
AL,Mimal,1717560,M04,77,3,9,Front Left,,Holly L,Donkey,-13.8602,134.3178,23,7,2022
AL,Mimal,1717560,M04,77,2,10,Back Left,,Andrew Hoskins,Donkey,-13.86019,134.3213,23,7,2022
AL,Mimal,1717560,M04,77,6,7,Front Left,,Holly L,Horse,-13.85999,134.3259,23,7,2022
AL,Mimal,1717560,M04,77,6,5,Back Left,,Andrew Hoskins,Horse,-13.85999,134.3259,23,7,2022
AL,Mimal,1717560,M04,77,1,7,Back Left,,Andrew Hoskins,Horse,-13.85986,134.3335,23,7,2022
AL,Mimal,1717560,M04,77,2,7,Front Left,,Holly L,Horse,-13.85986,134.3338,23,7,2022
AL,Mimal,1717560,M04,77,2,3,Front Left,,Holly L,Horse,-13.85985,134.3367,23,7,2022
AL,Mimal,1717560,M04,77,6,5,Back Left,,Andrew Hoskins,Horse,-13.85984,134.4542,23,7,2022
AL,Mimal,1717560,M04,77,6,3,Front Left,,Holly L,Horse,-13.85982,134.4542,23,7,2022
AL,Mimal,1717560,M04,77,6,1,Front Left,,Holly L,Horse,-13.85982,134.4569,23,7,2022
AL,Mimal,1717560,M04,77,6,5,Front Left,,Holly L,Buffalo,-13.8598,134.4526,23,7,2022
AL,Mimal,1717560,M04,77,6,1,Front Left,,Holly L,Horse,-13.85975,134.4503,23,7,2022
AL,Mimal,1717560,M04,77,6,50,Back Left,,Andrew Hoskins,Buffalo,-13.85973,134.4387,23,7,2022
AL,Mimal,1717560,M04,77,5,50,Front Left,,Holly L,Buffalo,-13.85971,134.4336,23,7,2022
AL,Mimal,1717560,M04,77,5,30,Front Left,,Holly L,Buffalo,-13.8597,134.436,23,7,2022
AL,Mimal,1717560,M04,77,6,70,Back Left,,Andrew Hoskins,Buffalo,-13.85969,134.4368,23,7,2022
AL,Mimal,1717560,M04,77,6,7,Front Left,,Holly L,Buffalo,-13.85967,134.4484,23,7,2022
AL,Mimal,1717560,M04,77,6,1,Back Left,,Andrew Hoskins,Horse,-13.85964,134.4481,23,7,2022
AL,Mimal,1717560,M04,77,6,2,Back Left,,Andrew Hoskins,Buffalo,-13.85958,134.4462,23,7,2022
AL,Mimal,1717560,M04,77,6,4,Back Left,,Andrew Hoskins,Buffalo,-13.85956,134.4436,23,7,2022
AL,Mimal,1717560,M04,77,2,6,Front Left,,Holly L,Buffalo,-13.85953,134.4434,23,7,2022
AL,Mimal,1717560,M04,77,5,4,Back Left,,Andrew Hoskins,Horse,-13.85937,134.3741,23,7,2022
AL,Mimal,1717560,M04,77,5,5,Front Left,,Holly L,Buffalo,-13.85937,134.3773,23,7,2022
AL,Mimal,1717560,M04,77,5,4,Front Left,,Holly L,Horse,-13.85935,134.3736,23,7,2022
AL,Mimal,1717560,M04,77,3,3,Front Left,,Holly L,Cattle,-13.85934,134.3696,23,7,2022
AL,Mimal,1717560,M04,77,5,10,Front Left,,Holly L,Buffalo,-13.85932,134.3632,23,7,2022
AL,Mimal,1717560,M04,77,6,8,Back Left,,Andrew Hoskins,Buffalo,-13.8593,134.3646,23,7,2022
AL,Mimal,1717560,M04,77,1,5,Front Left,,Holly L,Donkey,-13.8588,134.7126,23,7,2022
AL,Mimal,1717560,M04,77,1,5,Back Left,,Andrew Hoskins,Donkey,-13.8588,134.7129,23,7,2022
AL,Mimal,1717560,M04,77,6,3,Back Left,,Andrew Hoskins,Horse,-13.8587,134.8461,23,7,2022
AL,Mimal,1717560,M04,77,6,2,Back Left,,Andrew Hoskins,Donkey,-13.8587,134.8469,23,7,2022
AL,Mimal,1717560,M04,77,5,3,Front Left,,Holly L,Horse,-13.85862,134.8487,23,7,2022
AL,Mimal,1717560,M04,77,2,1,Back Left,,Andrew Hoskins,Donkey,-13.85848,134.8087,23,7,2022
AL,Mimal,1717560,M04,77,6,2,Back Left,,Andrew Hoskins,Donkey,-13.85846,134.7584,23,7,2022
AL,Mimal,1717560,M04,77,5,2,Front Left,,Holly L,Donkey,-13.85845,134.7581,23,7,2022
AL,Mimal,1717560,M04,77,6,6,Back Left,,Andrew Hoskins,Horse,-13.85845,134.8377,23,7,2022
AL,Mimal,1717560,M04,77,2,1,Front Left,,Holly L,Donkey,-13.85844,134.8076,23,7,2022
AL,Mimal,1717560,M04,77,6,6,Front Left,,Holly L,Horse,-13.85844,134.8369,23,7,2022
AL,Mimal,1717560,M04,77,6,1,Back Left,,Andrew Hoskins,Buffalo,-13.85843,134.8068,23,7,2022
AL,Mimal,1717560,M04,77,1,13,Back Left,,Andrew Hoskins,Cattle,-13.85843,134.8291,23,7,2022
AL,Mimal,1717560,M04,77,6,6,Front Left,,Holly L,Horse,-13.85841,134.8397,23,7,2022
AL,Mimal,1717560,M04,77,6,3,Front Left,,Holly L,Cattle,-13.8584,134.8001,23,7,2022
AL,Mimal,1717560,M04,77,5,2,Back Left,,Andrew Hoskins,Cattle,-13.85838,134.8591,23,7,2022
AL,Mimal,1717560,M04,77,4,1,Front Left,,Holly L,Cattle,-13.85837,134.6925,23,7,2022
AL,Mimal,1717560,M04,77,5,1,Front Left,,Holly L,Cattle,-13.85835,134.8243,23,7,2022
AL,Mimal,1717560,M04,77,4,1,Front Left,,Holly L,Cattle,-13.85833,134.8599,23,7,2022
AL,Mimal,1717560,M04,77,6,2,Front Left,,Holly L,Cattle,-13.85832,134.7972,23,7,2022
AL,Mimal,1717560,M04,77,1,1,Front Left,,Holly L,Donkey,-13.85832,134.8639,23,7,2022
AL,Mimal,1717560,M04,77,4,1,Front Left,,Holly L,Buffalo,-13.8583,134.5345,23,7,2022
AL,Mimal,1717560,M04,77,4,1,Front Left,,Holly L,Cattle,-13.85828,134.6812,23,7,2022
AL,Mimal,1717560,M04,77,3,1,Back Left,,Andrew Hoskins,Buffalo,-13.85827,134.5348,23,7,2022
AL,Mimal,1717560,M04,77,5,1,Back Left,,Andrew Hoskins,Cattle,-13.85826,134.6804,23,7,2022
AL,Mimal,1717560,M04,77,1,2,Back Left,,Andrew Hoskins,Donkey,-13.85826,134.8215,23,7,2022
AL,Mimal,1717560,M04,77,5,1,Back Left,,Andrew Hoskins,Cattle,-13.85826,134.9025,23,7,2022
AL,Mimal,1717560,M04,77,4,1,Front Left,,Holly L,Cattle,-13.85824,134.9019,23,7,2022
AL,Mimal,1717560,M04,77,1,12,Back Left,,Andrew Hoskins,Donkey,-13.85823,134.8984,23,7,2022
AL,Mimal,1717560,M04,77,1,1,Front Left,,Holly L,Horse,-13.85822,134.7946,23,7,2022
AL,Mimal,1717560,M04,77,2,15,Front Left,,Holly L,Donkey,-13.85822,134.8976,23,7,2022
AL,Mimal,1717560,M04,77,6,1,Front Left,,Holly L,Cattle,-13.8582,134.7888,23,7,2022
AL,Mimal,1717560,M04,77,2,1,Back Left,,Andrew Hoskins,Donkey,-13.85819,134.7764,23,7,2022
AL,Mimal,1717560,M04,77,6,1,Front Left,,Holly L,Buffalo,-13.85816,134.769,23,7,2022
AL,Mimal,1717560,M04,77,3,1,Back Left,,Andrew Hoskins,Cattle,-13.85816,134.9303,23,7,2022
AL,Mimal,1717560,M04,77,6,1,Front Left,,Holly L,Donkey,-13.8581,134.771,23,7,2022
AL,Mimal,1717560,M04,77,3,1,Back Left,,Andrew Hoskins,Buffalo,-13.8581,134.9219,23,7,2022
AL,Mimal,1717560,M04,77,4,1,Front Left,,Holly L,Buffalo,-13.85805,134.9208,23,7,2022
AL,Mimal,1717560,M04,77,5,8,Front Left,,Holly L,Buffalo,-13.85782,134.565,23,7,2022
AL,Mimal,1717560,M04,77,5,1,Front Left,,Holly L,Buffalo,-13.8578,134.5811,23,7,2022
AL,Mimal,1717560,M04,77,2,1,Front Left,,Holly L,Buffalo,-13.85771,134.549,23,7,2022
AL,Mimal,1717560,M04,77,2,1,Back Left,,Andrew Hoskins,Buffalo,-13.85771,134.549,23,7,2022
AL,Mimal,1717560,M04,77,3,6,Back Left,,Andrew Hoskins,Buffalo,-13.85769,134.5663,23,7,2022
AL,Mimal,1717560,M06E,60,3,5,Front Left,,Holly L,Horse,-13.76174,134.7612,23,7,2022
AL,Mimal,1717560,M06E,60,4,4,Back Left,,Andrew Hoskins,Horse,-13.76164,134.7628,23,7,2022
AL,Mimal,1717560,M06E,60,6,2,Front Left,,Holly L,Horse,-13.76154,134.7643,23,7,2022
AL,Mimal,1717560,M06E,60,6,5,Back Left,,Andrew Hoskins,Horse,-13.76145,134.7654,23,7,2022
AL,Mimal,1717560,M06E,60,6,3,Front Left,,Holly L,Horse,-13.76144,134.766,23,7,2022
AL,Mimal,1717560,M06E,60,5,1,Front Left,,Holly L,Horse,-13.76132,134.7814,23,7,2022
AL,Mimal,1717560,M06E,60,6,2,Front Left,,Holly L,Horse,-13.7613,134.7682,23,7,2022
AL,Mimal,1717560,M06E,60,6,3,Back Left,,Andrew Hoskins,Horse,-13.7613,134.7685,23,7,2022
AL,Mimal,1717560,M06E,60,5,1,Front Left,,Holly L,Horse,-13.76124,134.7832,23,7,2022
AL,Mimal,1717560,M06E,60,3,7,Back Left,,Andrew Hoskins,Buffalo,-13.76122,134.6944,23,7,2022
AL,Mimal,1717560,M06E,60,6,6,Back Left,,Andrew Hoskins,Buffalo,-13.76122,134.8033,23,7,2022
AL,Mimal,1717560,M06E,60,3,1,Front Left,,Holly L,Cattle,-13.76121,134.6947,23,7,2022
AL,Mimal,1717560,M06E,60,4,7,Front Left,,Holly L,Buffalo,-13.76119,134.6942,23,7,2022
AL,Mimal,1717560,M06E,60,4,1,Back Left,,Andrew Hoskins,Cattle,-13.76118,134.6937,23,7,2022
AL,Mimal,1717560,M06E,60,5,7,Front Left,,Holly L,Cattle,-13.76118,134.8021,23,7,2022
AL,Mimal,1717560,M06E,60,6,1,Back Left,,Andrew Hoskins,Donkey,-13.76103,134.6909,23,7,2022
AL,Mimal,1717560,M06E,60,4,1,Front Left,,Holly L,Donkey,-13.76098,134.6904,23,7,2022
AL,Mimal,1717560,M06E,60,1,1,Back Left,,Andrew Hoskins,Buffalo,-13.76085,134.6825,23,7,2022
AL,Mimal,1717560,M06E,60,2,1,Front Left,,Holly L,Buffalo,-13.76084,134.683,23,7,2022
AL,Mimal,1717560,M06E,60,5,4,Front Left,,Holly L,Buffalo,-13.76077,134.591,23,7,2022
AL,Mimal,1717560,M06E,60,6,1,Back Left,,Andrew Hoskins,Buffalo,-13.76077,134.5911,23,7,2022
AL,Mimal,1717560,M06E,60,2,2,Back Left,,Andrew Hoskins,Horse,-13.76074,134.5966,23,7,2022
AL,Mimal,1717560,M06E,60,1,1,Back Left,,Andrew Hoskins,Horse,-13.76073,134.9319,23,7,2022
AL,Mimal,1717560,M06E,60,3,2,Front Left,,Holly L,Horse,-13.7607,134.5968,23,7,2022
AL,Mimal,1717560,M06E,60,4,20,Back Left,,Andrew Hoskins,Cattle,-13.76065,134.9244,23,7,2022
AL,Mimal,1717560,M06E,60,5,5,Front Left,,Holly L,Cattle,-13.76065,134.9261,23,7,2022
AL,Mimal,1717560,M06E,60,4,2,Back Left,,Andrew Hoskins,Cattle,-13.76064,134.927,23,7,2022
AL,Mimal,1717560,M06E,60,4,6,Front Left,,Holly L,Cattle,-13.76063,134.9243,23,7,2022
AL,Mimal,1717560,M06E,60,5,1,Front Left,,Holly L,Buffalo,-13.76055,134.6093,23,7,2022
AL,Mimal,1717560,M06E,60,6,1,Front Left,,Holly L,Cattle,-13.76054,134.6116,23,7,2022
AL,Mimal,1717560,M06E,60,5,1,Back Left,,Andrew Hoskins,Buffalo,-13.76052,134.6089,23,7,2022
AL,Mimal,1717560,M06E,60,6,1,Back Left,,Andrew Hoskins,Cattle,-13.76052,134.6102,23,7,2022
AL,Mimal,1717560,M06E,60,6,2,Back Left,,Andrew Hoskins,Buffalo,-13.76052,134.6111,23,7,2022
AL,Mimal,1717560,M06E,60,6,3,Front Left,,Holly L,Buffalo,-13.7605,134.6132,23,7,2022
AL,Mimal,1717560,M06E,60,2,1,Front Left,,Holly L,Cattle,-13.76049,134.6675,23,7,2022
AL,Mimal,1717560,M06E,60,2,1,Back Left,,Andrew Hoskins,Cattle,-13.76041,134.6662,23,7,2022
AL,Mimal,1717560,M06E,60,6,1,Back Left,,Andrew Hoskins,Donkey,-13.76037,134.4989,23,7,2022
AL,Mimal,1717560,M06E,60,5,2,Front Left,,Holly L,Horse,-13.76032,134.5547,23,7,2022
AL,Mimal,1717560,M06E,60,4,1,Front Left,,Holly L,Pig,-13.7602,134.6524,23,7,2022
AL,Mimal,1717560,M06E,60,6,4,Front Left,,Holly L,Horse,-13.76015,134.52,23,7,2022
AL,Mimal,1717560,M06E,60,6,2,Front Left,,Holly L,Horse,-13.7599,134.5441,23,7,2022
AL,Mimal,1717560,M06E,60,4,2,Front Left,,Holly L,Buffalo,-13.75905,134.4779,23,7,2022
AL,Mimal,1717560,M06E,60,3,2,Back Left,,Andrew Hoskins,Buffalo,-13.75891,134.4808,23,7,2022
AL,Mimal,1717560,M06W,77,3,3,Back Left,,Andrew Hoskins,Donkey,-13.76412,134.4189,23,7,2022
AL,Mimal,1717560,M06W,77,6,2,Back Left,,Andrew Hoskins,Donkey,-13.76329,134.361,23,7,2022
AL,Mimal,1717560,M06W,77,6,1,Front Left,,Holly L,Donkey,-13.76328,134.361,23,7,2022
AL,Mimal,1717560,M06W,77,6,2,Front Left,,Holly L,Donkey,-13.76311,134.363,23,7,2022
AL,Mimal,1717560,M06W,77,6,3,Back Left,,Andrew Hoskins,Donkey,-13.76311,134.363,23,7,2022
AL,Mimal,1717560,M06W,77,6,1,Back Left,,Andrew Hoskins,Donkey,-13.76303,134.367,23,7,2022
AL,Mimal,1717560,M06W,77,6,1,Front Left,,Holly L,Donkey,-13.76302,134.3667,23,7,2022
AL,Mimal,1717560,M06W,77,6,35,Back Left,,Andrew Hoskins,Cattle,-13.76055,134.2357,23,7,2022
AL,Mimal,1717560,M06W,77,6,40,Front Left,,Holly L,Cattle,-13.7605,134.2371,23,7,2022
AL,Mimal,1717560,M06W,77,5,6,Back Left,,Andrew Hoskins,Horse,-13.75988,134.1893,23,7,2022
AL,Mimal,1717560,M06W,77,4,4,Front Left,,Holly L,Horse,-13.75987,134.1902,23,7,2022
AL,Mimal,1717560,M06W,77,5,1,Back Left,,Andrew Hoskins,Buffalo,-13.75611,133.8183,23,7,2022
AL,Mimal,1717560,M08E,76,5,2,Front Left,,Holly L,Cattle,-13.65612,134.3255,23,7,2022
AL,Mimal,1717560,M08W,70,5,3,Front Left,,Holly L,Cattle,-13.65227,133.7453,23,7,2022
AL,Mimal,1717560,M08W,70,6,6,Front Left,,Holly L,Buffalo,-13.65194,134.1035,23,7,2022
AL,Mimal,1717560,M08W,70,6,1,Front Left,,Holly L,Cattle,-13.65179,134.1285,23,7,2022
AL,Mimal,1717560,M08W,70,6,1,Back Left,,Andrew Hoskins,Cattle,-13.65179,134.1291,23,7,2022
AL,Mimal,1717560,M08W,70,3,1,Front Left,,Holly L,Buffalo,-13.65173,133.7661,23,7,2022
AL,Mimal,1717560,M08W,70,2,1,Back Left,,Andrew Hoskins,Buffalo,-13.65164,133.7664,23,7,2022
AL,Mimal,1717560,M08W,70,2,4,Front Left,,Holly L,Horse,-13.65125,133.8225,23,7,2022
AL,Mimal,1717560,M08W,70,2,4,Back Left,,Andrew Hoskins,Horse,-13.65122,133.8223,23,7,2022
AL,Mimal,1717560,M06E,60,3,1,Back Left,,Anthony,Buffalo,-13.76068,134.5608,25,7,2022
AL,Mimal,1717560,M06E,60,4,10,Back Left,,Anthony,Buffalo,-13.76068,134.5608,25,7,2022
AL,Mimal,1717560,M06E,60,6,2,Back Left,,Anthony,Buffalo,-13.76068,134.5608,25,7,2022
AL,Mimal,1717560,M06E,60,4,7,Back Left,,Anthony,Buffalo,-13.76068,134.5608,25,7,2022
AL,Mimal,1717560,M06E,60,6,1,Back Left,,Anthony,Buffalo,-13.76068,134.5608,25,7,2022
AL,Mimal,1717560,M06E,60,2,4,Back Left,,Anthony,Buffalo,-13.76068,134.5608,25,7,2022
AL,Mimal,1717560,M06E,60,5,3,Back Left,,Anthony,Buffalo,-13.76068,134.5608,25,7,2022
AL,Mimal,1717560,M06E,60,6,12,Back Left,,Anthony,Buffalo,-13.76068,134.5608,25,7,2022
AL,Mimal,1717560,M06E,60,2,4,Back Left,,Anthony,Buffalo,-13.76068,134.5608,25,7,2022
AL,Mimal,1717560,M06E,60,6,1,Back Left,,Anthony,Donkey,-13.76068,134.5608,25,7,2022
AL,Mimal,1717560,M06E,60,6,3,Back Left,,Anthony,Buffalo,-13.76068,134.5608,25,7,2022
AL,Mimal,1717560,M06E,60,6,1,Back Left,,Anthony,Buffalo,-13.76068,134.5608,25,7,2022
AL,Mimal,1717560,M06E,60,6,16,Back Left,,Anthony,Buffalo,-13.76068,134.5608,25,7,2022
AL,Mimal,1717560,M06E,60,6,4,Back Left,,Anthony,Horse,-13.76068,134.5608,25,7,2022
AL,Mimal,1717560,M06E,60,5,4,Back Left,,Anthony,Horse,-13.7599,134.5591,25,7,2022
AL,Mimal,1717560,M06E,60,6,5,Back Left,,Anthony,Buffalo,-13.7599,134.5591,25,7,2022
AL,Mimal,1717560,M06E,60,6,1,Back Left,,Anthony,Horse,-13.7599,134.5591,25,7,2022
AL,Mimal,1717560,M06E,60,6,5,Back Left,,Anthony,Buffalo,-13.7599,134.5591,25,7,2022
AL,Mimal,1717560,M06E,60,6,8,Back Left,,Anthony,Buffalo,-13.7599,134.5591,25,7,2022
AL,Mimal,1717560,M06E,60,1,1,Back Left,,Anthony,Cattle,-13.7599,134.5591,25,7,2022
AL,Mimal,1717560,M08E,76,5,13,Back Right,,Raphael Clarke,Cattle,-13.65582,134.4303,25,7,2022
AL,Mimal,1717560,M08E,76,5,5,Front Left,,Holly L,Horse,-13.65574,134.3943,25,7,2022
AL,Mimal,1717560,M08E,76,5,6,Back Left,,Andrew Hoskins,Horse,-13.65564,134.3957,25,7,2022
AL,Mimal,1717560,M08E,76,5,2,Back Right,,Raphael Clarke,Cattle,-13.65564,134.4005,25,7,2022
AL,Mimal,1717560,M08E,76,4,2,Back Left,,Andrew Hoskins,Buffalo,-13.65564,134.4008,25,7,2022
AL,Mimal,1717560,M08E,76,4,4,Front Left,,Holly L,Buffalo,-13.65564,134.4054,25,7,2022
AL,Mimal,1717560,M08E,76,6,12,Back Right,,Raphael Clarke,Buffalo,-13.6556,134.4253,25,7,2022
AL,Mimal,1717560,M08E,76,5,21,Back Right,,Raphael Clarke,Cattle,-13.65554,134.4073,25,7,2022
AL,Mimal,1717560,M08E,76,6,4,Front Left,,Holly L,Horse,-13.65518,134.3585,25,7,2022
AL,Mimal,1717560,M08E,76,6,1,Back Right,,Raphael Clarke,Buffalo,-13.65505,134.6072,25,7,2022
AL,Mimal,1717560,M08E,76,5,1,Front Left,,Holly L,Pig,-13.65492,134.5318,25,7,2022
AL,Mimal,1717560,M08E,76,6,12,Back Left,,Andrew Hoskins,Pig,-13.65483,134.5305,25,7,2022
AL,Mimal,1717560,M08E,76,5,20,Front Left,,Holly L,Pig,-13.6548,134.5282,25,7,2022
AL,Mimal,1717560,M08E,76,2,2,Back Right,,Raphael Clarke,Buffalo,-13.65478,134.3368,25,7,2022
AL,Mimal,1717560,M08E,76,6,1,Front Left,,Holly L,Buffalo,-13.65478,134.7503,25,7,2022
AL,Mimal,1717560,M08E,76,5,2,Front Left,,Holly L,Horse,-13.6547,134.7626,25,7,2022
AL,Mimal,1717560,M08E,76,5,2,Back Left,,Andrew Hoskins,Horse,-13.65469,134.7634,25,7,2022
AL,Mimal,1717560,M08E,76,6,1,Back Right,,Raphael Clarke,Buffalo,-13.65467,134.5893,25,7,2022
AL,Mimal,1717560,M08E,76,2,3,Back Left,,Andrew Hoskins,Horse,-13.65465,134.7648,25,7,2022
AL,Mimal,1717560,M08E,76,4,7,Back Left,,Andrew Hoskins,Horse,-13.65454,134.7672,25,7,2022
AL,Mimal,1717560,M08E,76,1,1,Front Left,,Holly L,Horse,-13.65445,134.7844,25,7,2022
AL,Mimal,1717560,M08E,76,4,7,Back Right,,Raphael Clarke,Horse,-13.65444,134.7833,25,7,2022
AL,Mimal,1717560,M08E,76,3,1,Back Right,,Raphael Clarke,Donkey,-13.65443,134.7808,25,7,2022
AL,Mimal,1717560,M08E,76,3,2,Front Left,,Holly L,Donkey,-13.65436,134.7736,25,7,2022
AL,Mimal,1717560,M08E,76,1,4,Front Left,,Holly L,Horse,-13.65436,134.7905,25,7,2022
AL,Mimal,1717560,M08E,76,6,2,Front Left,,Holly L,Horse,-13.65436,134.7929,25,7,2022
AL,Mimal,1717560,M08E,76,1,1,Back Left,,Andrew Hoskins,Horse,-13.65435,134.7878,25,7,2022
AL,Mimal,1717560,M08E,76,6,1,Front Left,,Holly L,Horse,-13.65434,134.7786,25,7,2022
AL,Mimal,1717560,M08E,76,5,5,Back Right,,Raphael Clarke,Horse,-13.65434,134.7886,25,7,2022
AL,Mimal,1717560,M08E,76,5,11,Back Right,,Raphael Clarke,Horse,-13.65433,134.7916,25,7,2022
AL,Mimal,1717560,M08E,76,1,4,Back Left,,Andrew Hoskins,Horse,-13.65433,134.7918,25,7,2022
AL,Mimal,1717560,M08E,76,4,2,Front Left,,Holly L,Horse,-13.65433,134.795,25,7,2022
AL,Mimal,1717560,M08E,76,6,5,Front Left,,Holly L,Horse,-13.65432,134.5213,25,7,2022
AL,Mimal,1717560,M08E,76,6,7,Back Right,,Raphael Clarke,Horse,-13.6543,134.7948,25,7,2022
AL,Mimal,1717560,M08E,76,3,3,Back Left,,Andrew Hoskins,Donkey,-13.65427,134.7742,25,7,2022
AL,Mimal,1717560,M08E,76,3,2,Back Left,,Andrew Hoskins,Horse,-13.6542,134.7974,25,7,2022
AL,Mimal,1717560,M08E,76,5,1,Front Left,,Holly L,Buffalo,-13.65417,134.5778,25,7,2022
AL,Mimal,1717560,M08E,76,6,12,Front Left,,Holly L,Horse,-13.65411,134.8014,25,7,2022
AL,Mimal,1717560,M08E,76,3,3,Back Right,,Raphael Clarke,Horse,-13.65407,134.6634,25,7,2022
AL,Mimal,1717560,M08E,76,4,2,Front Left,,Holly L,Horse,-13.65404,134.6738,25,7,2022
AL,Mimal,1717560,M08E,76,6,10,Back Left,,Andrew Hoskins,Horse,-13.65404,134.8017,25,7,2022
AL,Mimal,1717560,M08E,76,3,12,Front Left,,Holly L,Pig,-13.65403,134.5742,25,7,2022
AL,Mimal,1717560,M08E,76,6,2,Front Left,,Holly L,Horse,-13.65403,134.6813,25,7,2022
AL,Mimal,1717560,M08E,76,5,4,Front Left,,Holly L,Horse,-13.65397,134.809,25,7,2022
AL,Mimal,1717560,M08E,76,5,4,Back Left,,Andrew Hoskins,Horse,-13.65392,134.809,25,7,2022
AL,Mimal,1717560,M08E,76,3,2,Back Right,,Raphael Clarke,Pig,-13.65389,134.5737,25,7,2022
AL,Mimal,1717560,M08E,76,3,1,Front Left,,Holly L,Cattle,-13.65383,134.8667,25,7,2022
AL,Mimal,1717560,M08E,76,2,2,Back Right,,Raphael Clarke,Horse,-13.65382,134.8163,25,7,2022
AL,Mimal,1717560,M08E,76,5,4,Front Left,,Holly L,Buffalo,-13.65378,134.6882,25,7,2022
AL,Mimal,1717560,M08E,76,4,1,Back Left,,Andrew Hoskins,Cattle,-13.65374,134.8674,25,7,2022
AL,Mimal,1717560,M08E,76,6,1,Back Right,,Raphael Clarke,Buffalo,-13.65364,134.7173,25,7,2022
AL,Mimal,1717560,M08E,76,3,1,Back Right,,Raphael Clarke,Donkey,-13.6536,134.8535,25,7,2022
AL,Mimal,1717560,M08E,76,6,1,Front Left,,Holly L,Buffalo,-13.65339,134.695,25,7,2022
AL,Mimal,1717560,M08E,76,3,1,Back Left,,Andrew Hoskins,Buffalo,-13.65324,134.7132,25,7,2022
AL,Mimal,1717560,M08E,76,4,1,Front Left,,Holly L,Buffalo,-13.65309,134.7101,25,7,2022
AL,Mimal,1717560,M08E,76,6,3,Back Right,,Raphael Clarke,Horse,-13.65135,135.0242,25,7,2022
AL,Mimal,1717560,M08E,76,3,1,Back Right,,Raphael Clarke,Buffalo,-13.65124,134.9566,25,7,2022
AL,Mimal,1717560,M08E,76,6,1,Front Left,,Holly L,Pig,-13.65121,134.9555,25,7,2022
AL,Mimal,1717560,M08E,76,1,1,Front Left,,Holly L,Buffalo,-13.65039,134.9831,25,7,2022
AL,Mimal,1717560,M10E,73,4,1,Back Right,,Raphael Clarke,Cattle,-13.55908,134.9814,25,7,2022
AL,Mimal,1717560,M10E,73,6,2,Back Left,,Andrew Hoskins,Horse,-13.55878,135.0568,25,7,2022
AL,Mimal,1717560,M10E,73,6,1,Back Left,,Andrew Hoskins,Horse,-13.55876,134.9661,25,7,2022
AL,Mimal,1717560,M10E,73,4,1,Back Right,,Raphael Clarke,Cattle,-13.55875,135.0571,25,7,2022
AL,Mimal,1717560,M10E,73,5,2,Front Left,,Holly L,Cattle,-13.55875,135.0582,25,7,2022
AL,Mimal,1717560,M10E,73,5,2,Back Left,,Andrew Hoskins,Donkey,-13.55874,135.063,25,7,2022
AL,Mimal,1717560,M10E,73,6,4,Front Left,,Holly L,Donkey,-13.55873,135.0639,25,7,2022
AL,Mimal,1717560,M10E,73,1,1,Back Left,,Andrew Hoskins,Cattle,-13.55871,134.9094,25,7,2022
AL,Mimal,1717560,M10E,73,6,2,Back Right,,Raphael Clarke,Cattle,-13.55817,134.696,25,7,2022
AL,Mimal,1717560,M10E,73,5,2,Back Right,,Raphael Clarke,Horse,-13.55769,134.8272,25,7,2022
AL,Mimal,1717560,M10E,73,5,1,Back Right,,Raphael Clarke,Buffalo,-13.55758,134.7645,25,7,2022
AL,Mimal,1717560,M10E,73,3,1,Front Left,,Holly L,Cattle,-13.5571,134.6163,25,7,2022
AL,Mimal,1717560,M10E,73,3,1,Back Left,,Andrew Hoskins,Cattle,-13.55709,134.6157,25,7,2022
AL,Mimal,1717560,M10E,73,5,3,Back Right,,Raphael Clarke,Cattle,-13.55675,134.7976,25,7,2022
AL,Mimal,1717560,M10E,73,5,4,Back Left,,Andrew Hoskins,Buffalo,-13.55675,134.7984,25,7,2022
AL,Mimal,1717560,M10E,73,6,1,Back Right,,Raphael Clarke,Buffalo,-13.55652,134.6011,25,7,2022
AL,Mimal,1717560,M10E,73,3,4,Back Right,,Raphael Clarke,Buffalo,-13.55635,134.5307,25,7,2022
AL,Mimal,1717560,M10E,73,6,1,Back Left,,Andrew Hoskins,Buffalo,-13.55632,134.4674,25,7,2022
AL,Mimal,1717560,M10E,73,5,1,Front Left,,Holly L,Buffalo,-13.55627,134.4692,25,7,2022
AL,Mimal,1717560,M10W,82,4,1,Front Left,,Holly L,Buffalo,-13.5575,133.8694,25,7,2022
AL,Mimal,1717560,M10W,82,1,1,Front Left,,Holly L,Buffalo,-13.5575,133.8771,25,7,2022
AL,Mimal,1717560,M10W,82,6,1,Back Left,,Anthony,Buffalo,-13.55748,133.8694,25,7,2022
AL,Mimal,1717560,M10W,82,5,1,Back Left,,Anthony,Pig,-13.55745,134.0373,25,7,2022
AL,Mimal,1717560,M10W,82,3,15,Back Right,,Raphael Clarke,Buffalo,-13.55744,133.8582,25,7,2022
AL,Mimal,1717560,M10W,82,6,1,Front Left,,Holly L,Buffalo,-13.55743,134.0368,25,7,2022
AL,Mimal,1717560,M10W,82,6,1,Back Left,,Anthony,Cattle,-13.55739,134.0354,25,7,2022
AL,Mimal,1717560,M10W,82,6,19,Back Left,,Anthony,Cattle,-13.55702,134.1161,25,7,2022
AL,Mimal,1717560,M10W,82,6,1,Front Left,,Holly L,Buffalo,-13.55667,133.8352,25,7,2022
AL,Mimal,1717560,M10W,82,5,4,Front Left,,Holly L,Buffalo,-13.55692,134.1166,25,7,2022
AL,Mimal,1717560,M10W,82,5,3,Back Right,,Raphael Clarke,Cattle,-13.55689,133.9997,25,7,2022
AL,Mimal,1717560,M10W,82,6,1,Back Right,,Raphael Clarke,Buffalo,-13.55686,134.0088,25,7,2022
AL,Mimal,1717560,M10W,82,5,25,Front Left,,Holly L,Buffalo,-13.55677,134.1179,25,7,2022
AL,Mimal,1717560,M10W,82,6,1,Front Left,,Holly L,Buffalo,-13.55667,133.8352,25,7,2022
AL,Mimal,1717560,M10W,82,4,1,Back Right,,Raphael Clarke,Buffalo,-13.55661,133.7529,25,7,2022
AL,Mimal,1717560,M10W,82,5,1,Back Left,,Anthony,Buffalo,-13.55656,133.7713,25,7,2022
AL,Mimal,1717560,M10W,82,5,1,Front Left,,Holly L,Buffalo,-13.55655,134.2046,25,7,2022
AL,Mimal,1717560,M10W,82,4,1,Back Right,,Raphael Clarke,Buffalo,-13.55652,133.8068,25,7,2022
AL,Mimal,1717560,M10W,82,2,3,Back Right,,Raphael Clarke,Buffalo,-13.55651,134.2008,25,7,2022
AL,Mimal,1717560,M10W,82,1,7,Front Left,,Holly L,Buffalo,-13.55649,134.2011,25,7,2022
AL,Mimal,1717560,M10W,82,4,3,Back Right,,Raphael Clarke,Buffalo,-13.55645,134.242,25,7,2022
AL,Mimal,1717560,M10W,82,6,1,Front Left,,Holly L,Buffalo,-13.55631,134.1335,25,7,2022
AL,Mimal,1717560,M10W,82,4,3,Front Left,,Holly L,Buffalo,-13.55628,134.2443,25,7,2022
AL,Mimal,1717560,M10W,82,6,14,Back Left,,Anthony,Buffalo,-13.5562,134.1354,25,7,2022
AL,Mimal,1717560,M10W,82,5,4,Back Right,,Raphael Clarke,Buffalo,-13.55606,134.2608,25,7,2022
AL,Mimal,1717560,M10W,82,4,6,Back Right,,Raphael Clarke,Horse,-13.55598,134.2634,25,7,2022
AL,Mimal,1717560,M10W,82,5,15,Front Left,,Holly L,Buffalo,-13.55597,134.1365,25,7,2022
AL,Mimal,1717560,M10W,82,5,1,Back Right,,Raphael Clarke,Buffalo,-13.55582,134.1676,25,7,2022
AL,Mimal,1717560,M10W,82,6,15,Front Left,,Holly L,Buffalo,-13.5558,134.1788,25,7,2022
AL,Mimal,1717560,M10W,82,2,1,Back Right,,Raphael Clarke,Buffalo,-13.55575,134.1455,25,7,2022
AL,Mimal,1717560,M10W,82,5,5,Back Right,,Raphael Clarke,Buffalo,-13.55573,134.1636,25,7,2022
AL,Mimal,1717560,M10W,82,5,3,Front Left,,Holly L,Buffalo,-13.55573,134.1644,25,7,2022
AL,Mimal,1717560,M10W,82,5,1,Front Left,,Holly L,Buffalo,-13.55572,134.1687,25,7,2022
AL,Mimal,1717560,M10W,82,5,6,Back Right,,Raphael Clarke,Buffalo,-13.55572,134.2863,25,7,2022
AL,Mimal,1717560,M10W,82,3,15,Back Right,,Raphael Clarke,Buffalo,-13.55569,134.3004,25,7,2022
AL,Mimal,1717560,M10W,82,1,1,Front Left,,Holly L,Buffalo,-13.55562,134.3022,25,7,2022
AL,Mimal,1717560,M10W,82,3,6,Back Right,,Raphael Clarke,Buffalo,-13.55548,134.1566,25,7,2022
AL,Mimal,1717560,M10W,82,4,1,Back Right,,Raphael Clarke,Buffalo,-13.55525,134.3202,25,7,2022
AL,Mimal,1717560,M10W,82,6,1,Front Left,,Holly L,Buffalo,-13.55429,134.3783,25,7,2022
AL,Mimal,1717560,M10W,82,3,1,Back Right,,Raphael Clarke,Buffalo,-13.5542,134.3812,25,7,2022
AL,Mimal,1717560,M12E,55,4,1,Front Left,,Holly L,Cattle,-13.45792,135.0111,25,7,2022
AL,Mimal,1717560,M12E,55,4,1,Back Left,,Andrew Hoskins,Horse,-13.45788,135.0105,25,7,2022
AL,Mimal,1717560,M12E,55,2,3,Front Left,,Holly L,Horse,-13.45759,135.077,25,7,2022
AL,Mimal,1717560,M12E,55,2,3,Back Left,,Andrew Hoskins,Cattle,-13.45751,135.0765,25,7,2022
AL,Mimal,1717560,M12E,55,6,1,Back Right,,Nyan Sattler,Cattle,-13.4565,134.6441,25,7,2022
AL,Mimal,1717560,M12W,93,3,2,Back Right,,Raphael Clarke,Cattle,-13.45607,134.2113,25,7,2022
AL,Mimal,1717560,M12W,93,3,1,Back Right,,Raphael Clarke,Cattle,-13.45523,134.5156,25,7,2022
AL,Mimal,1717560,M12W,93,4,2,Back Left,,Anthony,Cattle,-13.45516,134.4814,25,7,2022
AL,Mimal,1717560,M12W,93,4,5,Front Left,,Holly L,Cattle,-13.45486,134.5348,25,7,2022
AL,Mimal,1717560,M12W,93,6,1,Front Left,,Holly L,Cattle,-13.45407,134.2942,25,7,2022
AL,Mimal,1717560,M12W,93,6,1,Front Left,,Holly L,Buffalo,-13.45393,134.2975,25,7,2022
AL,Mimal,1717560,M12W,93,6,4,Back Left,,Anthony,Buffalo,-13.45377,134.303,25,7,2022
AL,Mimal,1717560,M12W,93,4,2,Back Right,,Raphael Clarke,Buffalo,-13.45294,134.1516,25,7,2022
AL,Mimal,1717560,M12W,93,2,2,Back Left,,Anthony,Cattle,-13.45284,134.141,25,7,2022
AL,Mimal,1717560,M12W,93,4,16,Back Right,,Raphael Clarke,Buffalo,-13.45274,134.1338,25,7,2022
AL,Mimal,1717560,M12W,93,3,1,Front Left,,Holly L,Buffalo,-13.4525,134.117,25,7,2022
AL,Mimal,1717560,M12W,93,5,1,Front Left,,Holly L,Buffalo,-13.45214,134.1089,25,7,2022
AL,Mimal,1717560,M12W,93,6,1,Back Left,,Anthony,Buffalo,-13.45214,134.1092,25,7,2022
AL,Mimal,1717560,M12W,93,6,20,Front Left,,Holly L,Buffalo,-13.45139,134.0929,25,7,2022
AL,Mimal,1717560,M12W,93,5,1,Front Left,,Holly L,Buffalo,-13.45069,134.0575,25,7,2022
AL,Mimal,1717560,M12W,93,6,1,Back Left,,Anthony,Buffalo,-13.45053,134.0541,25,7,2022
AL,Mimal,1717560,M12W,93,6,2,Back Left,,Anthony,Buffalo,-13.44949,134.0295,25,7,2022
AL,Mimal,1717560,M12W,93,2,8,Back Left,,Anthony,Buffalo,-13.44449,133.9053,25,7,2022
AL,Mimal,1717560,M12W,93,1,15,Front Left,,Holly L,Buffalo,-13.44448,133.9043,25,7,2022
AL,Mimal,1717560,M12W,93,5,5,Front Left,,Holly L,Buffalo,-13.44446,133.9075,25,7,2022
AL,Mimal,1717560,M12W,93,6,5,Back Left,,Anthony,Buffalo,-13.44439,133.9097,25,7,2022
AL,Mimal,1717560,M12W,93,1,1,Back Left,,Anthony,Buffalo,-13.44356,133.8668,25,7,2022
AL,Mimal,1717560,M12W,93,2,1,Front Left,,Holly L,Buffalo,-13.44352,133.8663,25,7,2022
AL,Mimal,1717560,M12W,93,3,12,Front Left,,Holly L,Buffalo,-13.44297,133.8537,25,7,2022
AL,Mimal,1717560,M12W,93,3,12,Back Left,,Anthony,Buffalo,-13.44297,133.8552,25,7,2022
AL,Mimal,1717560,M12W,93,3,1,Back Right,,Raphael Clarke,Buffalo,-13.43985,133.7855,25,7,2022
AL,Mimal,1717560,M12W,93,5,4,Back Left,,Anthony,Buffalo,-13.43744,133.7228,25,7,2022
AL,Mimal,1717560,M12W,93,5,4,Back Left,,Anthony,Cattle,-13.43744,133.7228,25,7,2022
AL,Mimal,1717560,M12W,93,4,5,Front Left,,Holly L,Cattle,-13.43744,133.7243,25,7,2022
AL,Mimal,1717560,M12W,93,4,5,Front Left,,Holly L,Cattle,-13.43744,133.7243,25,7,2022
AL,Mimal,1717560,M12W,93,3,2,Front Left,,Holly L,Cattle,-13.43743,133.7218,25,7,2022
AL,Mimal,1717560,M12W,93,3,2,Front Left,,Holly L,Cattle,-13.43743,133.7218,25,7,2022
AL,Mimal,1717560,M12W,93,5,5,Back Left,,Anthony,Buffalo,-13.43735,133.7258,25,7,2022
AL,Mimal,1717560,M12W,93,5,5,Back Left,,Anthony,Buffalo,-13.43735,133.7258,25,7,2022
AL,Mimal,1717560,M12W,93,3,2,Back Right,,Raphael Clarke,Buffalo,-13.43728,133.7188,25,7,2022
AL,Mimal,1717560,M12W,93,3,2,Back Right,,Raphael Clarke,Buffalo,-13.43728,133.7188,25,7,2022
AL,Mimal,1717560,M14,139,2,2,Front Left,,Holly L,Buffalo,-13.35574,134.9131,25,7,2022
AL,Mimal,1717560,M14,139,1,1,Front Left,,Holly L,Cattle,-13.35568,135.0611,25,7,2022
AL,Mimal,1717560,M14,139,6,1,Back Left,,Andrew Hoskins,Buffalo,-13.35553,135.0543,25,7,2022
AL,Mimal,1717560,M14,139,6,1,Front Left,,Holly L,Cattle,-13.35553,135.0552,25,7,2022
AL,Mimal,1717560,M14,139,6,1,Back Right,,Nyan Sattler,Cattle,-13.35493,134.7996,25,7,2022
AL,Mimal,1717560,M14,139,4,30,Front Left,,Holly L,Buffalo,-13.35478,134.2373,25,7,2022
AL,Mimal,1717560,M14,139,4,23,Back Left,,Andrew Hoskins,Buffalo,-13.35478,134.2373,25,7,2022
AL,Mimal,1717560,M14,139,5,30,Back Left,,Andrew Hoskins,Buffalo,-13.3543,134.2402,25,7,2022
AL,Mimal,1717560,M14,139,4,30,Front Left,,Holly L,Cattle,-13.35421,134.2408,25,7,2022
AL,Mimal,1717560,M14,139,5,3,Front Left,,Holly L,Cattle,-13.35402,133.9091,25,7,2022
AL,Mimal,1717560,M14,139,5,3,Front Left,,Holly L,Buffalo,-13.35402,133.9091,25,7,2022
AL,Mimal,1717560,M14,139,2,1,Back Left,,Andrew Hoskins,Buffalo,-13.3538,133.8325,25,7,2022
AL,Mimal,1717560,M14,139,6,9,Back Right,,Nyan Sattler,Buffalo,-13.35369,134.2439,25,7,2022
AL,Mimal,1717560,M14,139,6,20,Back Right,,Nyan Sattler,Buffalo,-13.35365,133.8443,25,7,2022
AL,Mimal,1717560,M14,139,4,1,Back Left,,Andrew Hoskins,Buffalo,-13.35363,133.9208,25,7,2022
AL,Mimal,1717560,M14,139,3,1,Front Left,,Holly L,Buffalo,-13.35357,133.9213,25,7,2022
AL,Mimal,1717560,M14,139,6,6,Back Right,,Nyan Sattler,Buffalo,-13.35352,133.9034,25,7,2022
AL,Mimal,1717560,M14,139,6,6,Back Right,,Nyan Sattler,Buffalo,-13.35352,133.9034,25,7,2022
AL,Mimal,1717560,M14,139,2,1,Front Left,,Holly L,Buffalo,-13.35343,133.9311,25,7,2022
AL,Mimal,1717560,M14,139,4,5,Back Right,,Nyan Sattler,Buffalo,-13.35341,133.9412,25,7,2022
AL,Mimal,1717560,M14,139,4,15,Back Left,,Andrew Hoskins,Buffalo,-13.35339,134.2464,25,7,2022
AL,Mimal,1717560,M14,139,2,1,Front Left,,Holly L,Buffalo,-13.35335,133.9332,25,7,2022
AL,Mimal,1717560,M14,139,2,1,Back Left,,Andrew Hoskins,Buffalo,-13.35332,133.9337,25,7,2022
AL,Mimal,1717560,M14,139,4,4,Front Left,,Holly L,Buffalo,-13.35332,134.2473,25,7,2022
AL,Mimal,1717560,M14,139,4,3,Front Left,,Holly L,Buffalo,-13.3533,133.9015,25,7,2022
AL,Mimal,1717560,M14,139,4,3,Front Left,,Holly L,Buffalo,-13.3533,133.9015,25,7,2022
AL,Mimal,1717560,M14,139,1,6,Back Left,,Andrew Hoskins,Buffalo,-13.35327,133.8905,25,7,2022
AL,Mimal,1717560,M14,139,4,5,Back Left,,Andrew Hoskins,Buffalo,-13.35327,133.9012,25,7,2022
AL,Mimal,1717560,M14,139,4,5,Back Left,,Andrew Hoskins,Buffalo,-13.35327,133.9012,25,7,2022
AL,Mimal,1717560,M14,139,1,1,Back Right,,Nyan Sattler,Buffalo,-13.35325,133.8908,25,7,2022
AL,Mimal,1717560,M14,139,6,9,Back Right,,Nyan Sattler,Buffalo,-13.3532,134.249,25,7,2022
AL,Mimal,1717560,M14,139,2,5,Back Right,,Nyan Sattler,Buffalo,-13.35318,133.9,25,7,2022
AL,Mimal,1717560,M14,139,2,5,Back Right,,Nyan Sattler,Buffalo,-13.35318,133.9,25,7,2022
AL,Mimal,1717560,M14,139,4,1,Front Left,,Holly L,Buffalo,-13.35314,134.2507,25,7,2022
AL,Mimal,1717560,M14,139,6,5,Front Left,,Holly L,Buffalo,-13.35302,134.3257,25,7,2022
AL,Mimal,1717560,M14,139,6,1,Back Right,,Nyan Sattler,Buffalo,-13.35287,134.3234,25,7,2022
AL,Mimal,1717560,M14,139,2,15,Front Left,,Holly L,Buffalo,-13.35278,134.256,25,7,2022
AL,Mimal,1717560,M14,139,3,20,Back Left,,Andrew Hoskins,Buffalo,-13.35274,134.256,25,7,2022
AL,Mimal,1717560,M14,139,6,7,Back Right,,Nyan Sattler,Buffalo,-13.3527,134.2569,25,7,2022
AL,Mimal,1717560,M14,139,6,1,Back Right,,Nyan Sattler,Buffalo,-13.35256,134.2606,25,7,2022
AL,Mimal,1717560,M14,139,3,4,Back Right,,Nyan Sattler,Buffalo,-13.35255,133.9536,25,7,2022
AL,Mimal,1717560,M14,139,3,4,Back Right,,Nyan Sattler,Buffalo,-13.35255,133.9536,25,7,2022
AL,Mimal,1717560,M14,139,6,13,Back Left,,Andrew Hoskins,Buffalo,-13.35255,134.26,25,7,2022
AL,Mimal,1717560,M14,139,5,12,Front Left,,Holly L,Buffalo,-13.35254,134.2617,25,7,2022
AL,Mimal,1717560,M14,139,5,3,Front Left,,Holly L,Buffalo,-13.35253,134.205,25,7,2022
AL,Mimal,1717560,M14,139,1,7,Front Left,,Holly L,Buffalo,-13.35238,133.965,25,7,2022
AL,Mimal,1717560,M14,139,1,7,Front Left,,Holly L,Buffalo,-13.35238,133.965,25,7,2022
AL,Mimal,1717560,M14,139,2,1,Front Left,,Holly L,Buffalo,-13.35233,133.973,25,7,2022
AL,Mimal,1717560,M14,139,2,1,Back Left,,Andrew Hoskins,Buffalo,-13.35231,133.9734,25,7,2022
AL,Mimal,1717560,M14,139,6,25,Front Left,,Holly L,Buffalo,-13.35229,134.3029,25,7,2022
AL,Mimal,1717560,M14,139,6,35,Back Left,,Andrew Hoskins,Buffalo,-13.35228,134.3015,25,7,2022
AL,Mimal,1717560,M14,139,4,3,Back Right,,Nyan Sattler,Buffalo,-13.35226,134.2998,25,7,2022
AL,Mimal,1717560,M14,139,5,6,Front Left,,Holly L,Buffalo,-13.35225,134.0521,25,7,2022
AL,Mimal,1717560,M14,139,5,6,Front Left,,Holly L,Buffalo,-13.35225,134.0521,25,7,2022
AL,Mimal,1717560,M14,139,6,5,Back Right,,Nyan Sattler,Buffalo,-13.35224,134.2663,25,7,2022
AL,Mimal,1717560,M14,139,3,1,Back Left,,Andrew Hoskins,Buffalo,-13.35219,134.0515,25,7,2022
AL,Mimal,1717560,M14,139,3,1,Back Left,,Andrew Hoskins,Cattle,-13.35219,134.0515,25,7,2022
AL,Mimal,1717560,M14,139,4,1,Front Left,,Holly L,Cattle,-13.35216,134.0499,25,7,2022
AL,Mimal,1717560,M14,139,4,1,Front Left,,Holly L,Buffalo,-13.35216,134.0499,25,7,2022
AL,Mimal,1717560,M14,139,5,10,Front Left,,Holly L,Buffalo,-13.35208,134.0485,25,7,2022
AL,Mimal,1717560,M14,139,5,10,Front Left,,Holly L,Buffalo,-13.35208,134.0485,25,7,2022
AL,Mimal,1717560,M14,139,6,16,Back Left,,Andrew Hoskins,Buffalo,-13.35206,134.0482,25,7,2022
AL,Mimal,1717560,M14,139,6,16,Back Left,,Andrew Hoskins,Buffalo,-13.35206,134.0482,25,7,2022
AL,Mimal,1717560,M14,139,3,2,Back Right,,Nyan Sattler,Buffalo,-13.35198,133.9838,25,7,2022
AL,Mimal,1717560,M14,139,6,4,Back Right,,Nyan Sattler,Buffalo,-13.3519,134.2716,25,7,2022
AL,Mimal,1717560,M14,139,6,2,Back Right,,Nyan Sattler,Buffalo,-13.35186,134.2739,25,7,2022
AL,Mimal,1717560,M14,139,5,7,Front Left,,Holly L,Buffalo,-13.35162,133.9881,25,7,2022
AL,Mimal,1717560,M14,139,3,1,Back Right,,Nyan Sattler,Buffalo,-13.35162,133.9887,25,7,2022
AL,Mimal,1717560,M14,139,5,2,Back Left,,Andrew Hoskins,Buffalo,-13.35158,133.9897,25,7,2022
AL,Mimal,1717560,M14,139,1,2,Front Left,,Holly L,Buffalo,-13.35139,133.9913,25,7,2022
AL,Mimal,1717560,M14,139,1,3,Back Left,,Andrew Hoskins,Buffalo,-13.35139,133.992,25,7,2022
AL,Mimal,1717560,M14,139,3,1,Back Right,,Nyan Sattler,Buffalo,-13.35134,133.9922,25,7,2022
AL,Mimal,1717560,M14,139,6,7,Back Right,,Nyan Sattler,Buffalo,-13.3513,133.9936,25,7,2022
AL,Mimal,1717560,M14,139,1,1,Front Left,,Holly L,Buffalo,-13.35126,134.0048,25,7,2022
AL,Mimal,1717560,M14,139,1,6,Front Left,,Holly L,Buffalo,-13.3509,134.1785,25,7,2022
AL,Mimal,1717560,M14,139,5,6,Back Left,,Andrew Hoskins,Buffalo,-13.35068,134.1006,25,7,2022
AL,Mimal,1717560,M14,139,5,6,Back Left,,Andrew Hoskins,Buffalo,-13.35068,134.1006,25,7,2022
AL,Mimal,1717560,M14,139,5,16,Front Left,,Holly L,Buffalo,-13.35064,134.0993,25,7,2022
AL,Mimal,1717560,M14,139,5,16,Front Left,,Holly L,Buffalo,-13.35064,134.0993,25,7,2022
AL,Mimal,1717560,M14,139,2,7,Back Right,,Nyan Sattler,Buffalo,-13.35055,134.0981,25,7,2022
AL,Mimal,1717560,M14,139,2,7,Back Right,,Nyan Sattler,Buffalo,-13.35055,134.0981,25,7,2022
AL,Mimal,1717560,M14,139,1,2,Front Left,,Holly L,Buffalo,-13.35032,134.1101,25,7,2022
AL,Mimal,1717560,M14,139,1,2,Front Left,,Holly L,Buffalo,-13.35032,134.1101,25,7,2022
AL,Mimal,1717560,M14,139,1,2,Back Left,,Andrew Hoskins,Buffalo,-13.35031,134.1084,25,7,2022
AL,Mimal,1717560,M14,139,6,4,Back Right,,Nyan Sattler,Buffalo,-13.35014,134.1501,25,7,2022
AL,Mimal,1717560,M14,139,6,4,Back Right,,Nyan Sattler,Buffalo,-13.35014,134.1501,25,7,2022
AL,Mimal,1717560,M14,139,6,5,Back Right,,Nyan Sattler,Buffalo,-13.35011,134.1311,25,7,2022
AL,Mimal,1717560,M14,139,6,5,Back Right,,Nyan Sattler,Buffalo,-13.35011,134.1311,25,7,2022
AL,Mimal,1717560,M14,139,6,3,Back Right,,Nyan Sattler,Buffalo,-13.3501,134.1583,25,7,2022
AL,Mimal,1717560,M14,139,6,3,Back Right,,Nyan Sattler,Buffalo,-13.3501,134.1583,25,7,2022
AL,Mimal,1717560,M14,139,6,2,Back Right,,Nyan Sattler,Buffalo,-13.35005,134.1683,25,7,2022
AL,Mimal,1717560,M14,139,6,2,Back Right,,Nyan Sattler,Cattle,-13.35005,134.1683,25,7,2022
AL,Mimal,1717560,M06E,60,1,1,Back Left,,Andrew Hoskins,Buffalo,-13.76068,134.5608,26,7,2022
AL,Mimal,1717560,M06E,60,3,5,Back Left,,Andrew Hoskins,Donkey,-13.76068,134.5608,26,7,2022
AL,Mimal,1717560,M06E,60,1,12,Back Left,,Andrew Hoskins,Buffalo,-13.76068,134.5608,26,7,2022
AL,Mimal,1717560,M14,139,2,1,Front Left,,Holly L,Buffalo,-13.35489,134.0946,26,7,2022
AL,Mimal,1717560,M18W,100,5,3,Back Left,,Andrew Hoskins,Cattle,-13.16068,134.2072,26,7,2022
AL,Mimal,1717560,M18W,100,5,3,Front Left,,Holly L,Buffalo,-13.16065,134.2075,26,7,2022
AL,Mimal,1717560,M18W,100,6,1,Front Left,,Holly L,Buffalo,-13.16064,134.2094,26,7,2022
AL,Mimal,1717560,M18W,100,1,3,Back Left,,Andrew Hoskins,Buffalo,-13.1606,134.1455,26,7,2022
AL,Mimal,1717560,M18W,100,2,1,Front Left,,Holly L,Buffalo,-13.15782,134.8375,26,7,2022
AL,Mimal,1717560,M18W,100,4,1,Front Left,,Holly L,Buffalo,-13.15777,134.5038,26,7,2022
AL,Mimal,1717560,M20E,24,5,20,Front Left,,Holly L,Cattle,-13.05179,134.9397,26,7,2022
AL,Mimal,1717560,M20E,24,5,10,Back Left,,Andrew Hoskins,Buffalo,-13.05175,134.9405,26,7,2022
AL,Mimal,1717560,M20W,98,6,2,Back Left,,Alyson Stobo-Wilson,Buffalo,-13.0551,134.6241,26,7,2022
AL,Mimal,1717560,M20W,98,6,2,Front Left,,Holly L,Buffalo,-13.05507,134.6258,26,7,2022
AL,Mimal,1717560,M20W,98,4,1,Front Left,,Holly L,Buffalo,-13.05495,134.7159,26,7,2022
AL,Mimal,1717560,M20W,98,5,1,Back Left,,Alyson Stobo-Wilson,Donkey,-13.05494,134.7175,26,7,2022
AL,Mimal,1717560,M20W,98,5,3,Back Left,,Alyson Stobo-Wilson,Buffalo,-13.05473,134.6087,26,7,2022
AL,Mimal,1717560,M20W,98,6,1,Back Right,,Kelsey,Buffalo,-13.05454,134.6665,26,7,2022
AL,Mimal,1717560,M20W,98,4,6,Back Left,,Alyson Stobo-Wilson,Buffalo,-13.05438,134.6044,26,7,2022
AL,Mimal,1717560,M20W,98,3,12,Front Left,,Holly L,Pig,-13.05427,134.6028,26,7,2022
AL,Mimal,1717560,M20W,98,6,1,Front Left,,Holly L,Pig,-13.0541,134.6527,26,7,2022
AL,Mimal,1717560,M20W,98,4,1,Back Left,,Alyson Stobo-Wilson,Cattle,-13.05381,134.1029,26,7,2022
AL,Mimal,1717560,M20W,98,5,1,Front Left,,Holly L,Buffalo,-13.05202,133.9844,26,7,2022
AL,Mimal,1717560,M20W,98,4,5,Back Left,,Alyson Stobo-Wilson,Buffalo,-13.05179,133.9598,26,7,2022
AL,Mimal,1717560,M22E,26,2,1,Back Right,,Erin,Pig,-12.94977,134.8602,26,7,2022
AL,Mimal,1717560,M22E,26,5,10,Front Left,,Holly L,Pig,-12.94969,134.9104,26,7,2022
AL,Mimal,1717560,M22W,46,5,3,Front Left,,Holly L,Cattle,-12.94856,134.6376,26,7,2022
AL,Mimal,1717560,M22W,46,4,1,Front Left,,Holly L,Buffalo,-12.94853,134.6452,26,7,2022
AL,Mimal,1717560,M22W,46,1,1,Back Left,,Andrew Hoskins,Buffalo,-12.945,134.4551,26,7,2022
AL,Mimal,1717560,M16,134,4,1,Back Right,,Raphael,Cattle,-13.25413,135.0679,27,7,2022
AL,Mimal,1717560,M16,134,3,1,Front Left,,Holly L,Cattle,-13.25294,134.9493,27,7,2022
AL,Mimal,1717560,M16,134,2,1,Back Right,,Raphael,Buffalo,-13.25292,134.232,27,7,2022
AL,Mimal,1717560,M16,134,5,1,Back Left,,Andrew Hoskins,Buffalo,-13.25209,134.5621,27,7,2022
AL,Mimal,1717560,M16,134,5,1,Front Left,,Holly L,Cattle,-13.25202,134.5641,27,7,2022
AL,Mimal,1717560,M16,134,1,1,Front Left,,Holly L,Buffalo,-13.25181,134.6206,27,7,2022
AL,Mimal,1717560,M16,134,1,1,Front Left,,Holly L,Buffalo,-13.25176,134.6188,27,7,2022
AL,Mimal,1717560,M16,134,3,1,Back Left,,Andrew Hoskins,Buffalo,-13.25176,134.6201,27,7,2022
AL,Mimal,1717560,M16,134,2,1,Back Left,,Andrew Hoskins,Buffalo,-13.25175,134.6193,27,7,2022
AL,Mimal,1717560,M16,134,6,1,Front Left,,Holly L,Cattle,-13.2513,133.9593,27,7,2022
AL,Mimal,1717560,M16,134,6,1,Front Left,,Holly L,Buffalo,-13.2513,133.9593,27,7,2022
AL,Mimal,1717560,M16,134,1,1,Back Left,,Andrew Hoskins,Cattle,-13.25127,133.8479,27,7,2022
AL,Mimal,1717560,M16,134,6,4,Back Right,,Raphael,Cattle,-13.25093,133.9263,27,7,2022
AL,Mimal,1717560,M16,134,5,1,Back Right,,Raphael,Buffalo,-13.25086,134.0366,27,7,2022
AL,Mimal,1717560,M16,134,4,3,Back Left,,Andrew Hoskins,Buffalo,-13.2508,134.0314,27,7,2022
AL,Mimal,1717560,M16,134,2,4,Back Left,,Andrew Hoskins,Buffalo,-13.25079,133.9298,27,7,2022
AL,Mimal,1717560,M16,134,4,5,Front Left,,Holly L,Buffalo,-13.25079,134.0315,27,7,2022
AL,Mimal,1717560,M16,134,6,1,Front Left,,Holly L,Buffalo,-13.25072,134.0297,27,7,2022
AL,Mimal,1717560,M16,134,1,2,Back Left,,Andrew Hoskins,Buffalo,-13.25009,134.0979,27,7,2022
AL,Mimal,1717560,M16,134,1,2,Back Left,,Andrew Hoskins,Horse,-13.25009,134.0979,27,7,2022
AL,Mimal,1717560,M16,134,4,3,Back Right,,Raphael,Buffalo,-13.25008,134.0728,27,7,2022
AL,Mimal,1717560,M16,134,5,1,Back Left,,Andrew Hoskins,Buffalo,-13.24683,133.881,27,7,2022
AL,Mimal,1717560,M18E,24,5,1,Front Left,,Holly L,Buffalo,-13.15122,135.0615,27,7,2022
AL,Mimal,1717560,M18E,24,6,1,Back Left,,Andrew Hoskins,Buffalo,-13.15118,135.0624,27,7,2022
AL,Mimal,1717560,M18E,24,4,5,Back Right,,Raphael,Buffalo,-13.1508,134.9522,27,7,2022
AL,Mimal,1717560,M18W,100,1,2,Front Left,,Holly L,Cattle,-13.15564,134.8224,27,7,2022
